alumni_id,first_name,last_name,email,phone,graduation_year,department_id,current_city
1,Ravi,Sharma,ravi.sharma@example.com,9876543210,2015,1,Mumbai
2,Anita,Kumar,anita.kumar@example.com,9123456780,2016,2,Delhi
3,Suresh,Patel,suresh.patel@example.com,9988776655,2014,1,Ahmedabad
4,Priya,Mehta,priya.mehta@example.com,9001122334,2017,3,Bangalore
5,Karan,Singh,karan.singh@example.com,9122334455,2018,4,Chennai
